number,answer
1,fake
2,real
3,real
4,real
5,fake
6,fake
7,fake
8,fake
9,real
10,real
11,real
12,real
13,fake
14,real
15,real
16,fake
17,fake
18,real
19,real
20,fake
21,fake
22,real
23,fake
24,real
25,fake
26,fake
27,real
28,fake
29,fake
30,fake
31,real
32,real
33,fake
34,real
35,real
36,real
37,fake
38,real
39,fake
40,real
41,real
42,real
43,fake
44,real
45,real
46,fake
47,real
48,real
49,fake
50,real
51,real
52,real
53,real
54,fake
55,fake
56,fake
57,real
58,fake
59,real
60,fake
61,fake
62,real
63,fake
64,real
65,real
66,fake
67,fake
68,real
69,real
70,real
71,real
72,fake
73,real
74,fake
75,real
76,real
77,real
78,real
79,fake
80,real
81,fake
82,fake
83,real
84,fake
85,fake
86,fake
87,real
88,fake
89,fake
90,fake
91,fake
92,fake
93,fake
94,fake
95,fake
96,fake
97,fake
98,real
99,fake
100,real
