number,answer
1,real
2,real
3,fake
4,fake
5,real
6,real
7,fake
8,real
9,real
10,real
11,real
12,fake
13,real
14,real
15,fake
16,fake
17,real
18,fake
19,real
20,fake
21,real
22,fake
23,real
24,fake
25,fake
26,real
27,fake
28,real
29,real
30,fake
31,real
32,real
33,fake
34,fake
35,fake
36,real
37,fake
38,real
39,real
40,fake
41,real
42,real
43,fake
44,real
45,fake
46,real
47,fake
48,fake
49,fake
50,fake
51,real
52,fake
53,fake
54,fake
55,real
56,real
57,fake
58,real
59,real
60,fake
61,real
62,real
63,fake
64,real
65,fake
66,fake
67,real
68,real
69,fake
70,fake
71,fake
72,real
73,fake
74,real
75,fake
76,real
77,fake
78,fake
79,fake
80,real
81,real
82,fake
83,fake
84,fake
85,real
86,real
87,real
88,real
89,real
90,real
91,fake
92,fake
93,real
94,fake
95,fake
96,real
97,fake
98,real
99,fake
100,fake
