number,answer
1,fake
2,fake
3,fake
4,real
5,fake
6,fake
7,real
8,fake
9,fake
10,real
11,real
12,real
13,fake
14,fake
15,fake
16,real
17,real
18,real
19,fake
20,fake
21,fake
22,fake
23,fake
24,real
25,fake
26,fake
27,fake
28,real
29,real
30,fake
31,fake
32,real
33,real
34,real
35,real
36,real
37,fake
38,fake
39,fake
40,fake
41,fake
42,real
43,real
44,fake
45,fake
46,fake
47,real
48,fake
49,real
50,fake
51,fake
52,real
53,real
54,fake
55,real
56,real
57,fake
58,fake
59,real
60,fake
61,real
62,fake
63,real
64,real
65,real
66,real
67,real
68,fake
69,fake
70,real
71,fake
72,real
73,real
74,real
75,fake
76,real
77,real
78,real
79,fake
80,fake
81,real
82,real
83,fake
84,real
85,fake
86,fake
87,real
88,real
89,fake
90,real
91,real
92,real
93,real
94,fake
95,fake
96,fake
97,real
98,real
99,fake
100,real
