number,answer
1,real
2,fake
3,fake
4,fake
5,fake
6,fake
7,real
8,real
9,real
10,real
11,real
12,real
13,real
14,fake
15,fake
16,real
17,real
18,fake
19,real
20,real
21,real
22,real
23,real
24,real
25,fake
26,fake
27,fake
28,fake
29,real
30,real
31,fake
32,fake
33,real
34,fake
35,fake
36,fake
37,real
38,real
39,fake
40,real
41,real
42,real
43,real
44,fake
45,real
46,fake
47,real
48,real
49,fake
50,real
51,fake
52,fake
53,real
54,real
55,fake
56,fake
57,real
58,real
59,real
60,fake
61,fake
62,fake
63,real
64,fake
65,fake
66,real
67,real
68,fake
69,fake
70,real
71,fake
72,fake
73,real
74,fake
75,real
76,real
77,real
78,fake
79,fake
80,real
81,fake
82,fake
83,fake
84,real
85,fake
86,fake
87,real
88,real
89,fake
90,real
91,real
92,fake
93,fake
94,fake
95,fake
96,real
97,fake
98,real
99,fake
100,fake
