number,answer
1,real
2,real
3,fake
4,real
5,fake
6,real
7,fake
8,real
9,real
10,fake
11,real
12,real
13,fake
14,real
15,real
16,fake
17,fake
18,fake
19,real
20,fake
21,fake
22,fake
23,real
24,fake
25,real
26,fake
27,fake
28,fake
29,fake
30,fake
31,real
32,real
33,real
34,real
35,fake
36,fake
37,fake
38,real
39,real
40,real
41,fake
42,real
43,real
44,real
45,real
46,fake
47,fake
48,fake
49,fake
50,real
51,fake
52,fake
53,fake
54,real
55,real
56,fake
57,real
58,fake
59,real
60,fake
61,real
62,real
63,fake
64,fake
65,real
66,real
67,real
68,real
69,fake
70,fake
71,real
72,fake
73,fake
74,fake
75,fake
76,real
77,fake
78,real
79,fake
80,real
81,real
82,real
83,fake
84,real
85,real
86,real
87,fake
88,fake
89,fake
90,real
91,fake
92,fake
93,fake
94,real
95,real
96,fake
97,fake
98,real
99,real
100,real
